{"cameraMode":{"drawMode":0,"name":"Shaded","section":"Shading Mode"},"sceneLighting":false,"audioPlay":false,"sceneViewState":{"showFog":true,"showMaterialUpdate":false,"showSkybox":false,"showFlares":true,"showImageEffects":true,"showParticleSystems":true},"in2DMode":false,"pivot":{"x":0.4899999499320984,"y":-0.23961791396141053,"z":-0.020000066608190538},"rotation":{"x":-0.29315537214279177,"y":0.5062912106513977,"z":-0.18815554678440095,"w":-0.7888520359992981},"size":4.281163692474365,"orthographic":false}