{"cameraMode":{"drawMode":0,"name":"Shaded","section":"Shading Mode"},"sceneLighting":true,"audioPlay":false,"sceneViewState":{"showFog":true,"showMaterialUpdate":false,"showSkybox":true,"showFlares":true,"showImageEffects":true,"showParticleSystems":true},"in2DMode":false,"pivot":{"x":0.7383046746253967,"y":1.7766053676605225,"z":-0.08023542165756226},"rotation":{"x":-0.06495199352502823,"y":0.9332537055015564,"z":-0.2183307409286499,"w":-0.2776849567890167},"size":3.312729597091675,"orthographic":false}