{"cameraMode":{"drawMode":0,"name":"Shaded","section":"Shading Mode"},"sceneLighting":false,"audioPlay":false,"sceneViewState":{"showFog":true,"showMaterialUpdate":false,"showSkybox":false,"showFlares":true,"showImageEffects":true,"showParticleSystems":true},"in2DMode":false,"pivot":{"x":0.009999999776482582,"y":0.09000000357627869,"z":-0.019999999552965165},"rotation":{"x":-0.29315537214279177,"y":0.5062912106513977,"z":-0.18815554678440095,"w":-0.7888520359992981},"size":2.700017213821411,"orthographic":false}