{"cameraMode":{"drawMode":0,"name":"Shaded","section":"Shading Mode"},"sceneLighting":true,"audioPlay":false,"sceneViewState":{"showFog":true,"showMaterialUpdate":false,"showSkybox":true,"showFlares":true,"showImageEffects":true,"showParticleSystems":true},"in2DMode":false,"pivot":{"x":-4.490077495574951,"y":-0.5246248841285706,"z":-0.4372282326221466},"rotation":{"x":-0.13007324934005738,"y":0.7362775802612305,"z":-0.14796346426010133,"w":-0.6473339200019836},"size":4.500017166137695,"orthographic":false}